1,116.35,39.942,京鼎大厦
2,116.349,39.939,北京前海股骨头医院
3,116.352,39.939,全季酒店
4,116.358,39.939,观园大厦
5,116.362,39.939,车公庄
6,116.366,39.939,官圆公园
7,116.35,39.936,文兴街社区服务站
8,116.353,39.937,中共北京市委党校
9,116.358,39.937,北京文创双高人才发展中心
10,116.362,39.937,北京市交管局
11,116.362,39.933,阜北15号院
12,116.367,39.933,西城区中小学卫生保健所
13,116.35,39.931,新汇酒店
14,116.362,39.931,阜成门邮政局
15,116.367,39.931,书香驿站
16,116.366,39.94,金龙腾酒店
17,116.366,39.947,西城区政务中心
18,116.373,39.947,新街口地铁站
19,116.373,39.941,大觉胡同
20,116.374,39.934,程砚秋故居
21,116.374,39.932,北京市四十一中
22,116.371,39.931,白塔寺
23,116.376,39.932,西四北头条社区
24,116.378,39.939,平安里
25,116.378,39.937,速8酒店
26,116.379,39.934,死飞公园西城区店
27,116.39,39.939,旌勇祠
28,116.39,39.932,中国人民解放军第三零五医院
29,116.389,39.947,后海公园
30,116.402,39.948,钟鼓楼文化广场
31,116.402,39.939,中国诗书画院
32,116.4,39.932,中国书画艺术研究会
33,116.403,39.932,景山公园
34,116.41,39.948,隆福大厦
35,116.411,39.932,中科院法学研究所
36,116.411,39.939,北京中医药
37,116.419,39.948,东城区图书馆
38,116.42,39.94,和敬公主府
39,116.42,39.932,人民出版社
40,116.426,39.948,北京雍和国际青年旅社
41,116.428,39.94,新太仓街
42,116.35,39.927,京润大厦
43,116.35,39.922,三里河一区三号院
44,116.354,39.922,工商总局商标局
45,116.359,39.922,月坛公园
46,116.367,39.923,中国人寿
47,116.367,39.926,华融大厦
48,116.371,39.926,政协礼堂
49,116.371,39.923,丰融国际
50,116.374,39.926,兵马司胡同
51,116.4,39.926,故宫博物院图书馆
52,116.403,39.926,故宫博物院
53,116.42,39.928,职业教育学院
54,116.428,39.928,灯市口小学
55,116.428,39.925,内务部街
56,116.367,39.921,航宇大厦
57,116.371,39.921,丰汇园小区
58,116.374,39.921,宏汇园小区
59,116.385,39.921,慧能大厦
60,116.4,39.923,第一历史档案馆
61,116.405,39.923,文华殿
62,116.411,39.923,陈独秀故居
63,116.42,39.923,甘雨胡同
64,116.35,39.917,三里河小区
65,116.354,39.917,地藏庵
66,116.358,39.917,南礼士路公园
67,116.35,39.912,首都博物馆
68,116.354,39.913,长安商场
69,116.357,39.913,中化大厦
70,116.36,39.913,复兴门
71,116.368,39.913,长话大楼
72,116.385,39.913,西单
73,116.401,39.914,天安门西
74,116.405,39.914,文化宫派出所
75,116.408,39.914,天安门东
76,116.412,39.914,北京市政府
77,116.42,39.914,王府井
78,116.429,39.914,东单
79,116.361,39.911,中国人民广播电台
80,116.368,39.91,长安金融中心
81,116.357,39.908,生达大厦
82,116.36,39.908,西便门外大街
83,116.368,39.907,永泰商务楼
84,116.401,39.908,人名大会堂
85,116.405,39.908,前门
86,116.408,39.909,北京烹饪协会
87,116.412,39.909,最高人民法院
88,116.35,39.906,白云观
89,116.357,39.906,北京市八中
90,116.36,39.906,西便门
91,116.362,39.906,北京市文化中心
92,116.368,39.906,大成大厦
93,116.37,39.906,长椿街
94,116.377,39.906,新华通讯社
95,116.385,39.906,顺城街一小
96,116.389,39.906,北京市文联
97,116.393,39.906,正乙祠戏楼
98,116.4,39.907,中国钱币博物馆
99,116.405,39.907,正阳门
100,116.412,39.907,前门东大街
101,116.421,39.907,崇文门西大街
102,116.43,39.907,明城墙遗址
103,116.35,39.902,智恒泰大厦
104,116.351,39.9,天宁寺塔
105,116.357,39.903,天宁寺桥
106,116.362,39.903,大成广场
107,116.368,39.904,长椿街西里
108,116.368,39.903,北京小学
109,116.378,39.903,上斜街
110,116.401,39.901,煤市街
111,116.405,39.901,大江胡同
112,116.412,39.9,优能中学教育
113,116.421,39.904,新怡家园
114,116.43,39.904,国瑞城
115,116.43,39.902,新景家园
116,116.357,39.898,滨河公园
117,116.362,39.898,华星大厦
118,116.368,39.898,宣武医院
119,116.378,39.899,老墙根街
120,116.386,39.899,富卓花园
121,116.39,39.899,北京市电子工业学校
122,116.394,39.899,谭鑫培故居
123,116.401,39.899,八大胡同
124,116.406,39.899,京泰龙国际大酒店
125,116.421,39.899,珍贝大厦
126,116.429,39.899,新裕家园
127,116.436,39.897,幸福家园
128,116.368,39.897,报国寺
129,116.378,39.897,建学社区
130,116.389,39.897,市公安局西城分局
131,116.392,39.897,五道庙
132,116.406,39.896,二一八社区
133,116.412,39.896,金鱼池
134,116.421,39.896,
135,116.429,39.896,北京光华五洲纺织有限公司
136,116.343,39.896,达官营
137,116.347,39.897,广华轩小区
138,116.351,39.897,天宁寺社区
139,116.336,39.888,世纪茶贸中心
140,116.343,39.888,红莲中里
141,116.347,39.888,北京市六十六中
142,116.353,39.888,金工宏洋大厦
143,116.357,39.888,北京市药监局
144,116.368,39.888,回民医院
145,116.378,39.888,北京联合大学继续教育学院
146,116.389,39.889,北京市西城区国税局
147,116.392,39.89,虎坊路百货
148,116.406,39.891,天桥北里
149,116.413,39.892,双环万寿亭
150,116.422,39.892,元隆大厦
151,116.427,39.892,北京公交博物馆
152,116.429,39.892,天雅红桥大厦
153,116.433,39.892,体育馆路小学
154,116.438,39.892,东城区职工服务中心
155,116.344,39.884,车站西街
156,116.347,39.884,广外街
157,116.353,39.885,华亨大厦
158,116.392,39.885,陶然亭
159,116.406,39.887,永定门公园
160,116.413,39.886,神乐署
161,116.416,39.886,天坛公园
162,116.423,39.889,祈年殿
163,116.425,39.885,天坛体育场
164,116.344,39.882,乐城
165,116.347,39.882,嘉莲苑
166,116.353,39.882,新德园
167,116.357,39.882,中彩大厦
168,116.368,39.882,新安中里小区
169,116.376,39.882,宣师一附小
170,116.379,39.882,里仁街
171,116.381,39.882,北京市十五中
172,116.392,39.882,陶然亭公园管理处
173,116.415,39.883,内坛
174,116.419,39.883,圜丘
175,116.425,39.883,天坛东里小学
176,116.428,39.883,北玻大厦
177,116.434,39.883,长青园小区
178,116.439,39.883,龙潭西湖公园
179,116.343,39.876,蓝调国际公馆
180,116.344,39.876,润华羽毛球馆
181,116.348,39.876,金泰城
182,116.353,39.877,天伦北里小区
183,116.358,39.877,中国消防博物馆
184,116.368,39.877,右安门内西街甲二号院
185,116.376,39.877,北京监狱管理局
186,116.381,39.878,标本园
187,116.391,39.875,永定门长途汽车站
188,116.394,39.875,陶然桥
189,116.415,39.879,永定门东街中里
190,116.419,39.88,天坛南里东区
191,116.422,39.88,北京现代职业学校
192,116.428,39.88,玉蜓公园
193,116.44,39.88,北京教学植物园
194,116.415,39.878,百万庄园写字楼
195,116.439,39.875,芳城园
196,116.343,39.872,丽泽商务区
197,116.342,39.867,万泉寺小学
198,116.348,39.867,万泉寺南里
199,116.358,39.868,首都医科大学国际学院
200,116.368,39.869,右安门外国语学校
201,116.382,39.87,北京南站
202,116.392,39.87,洋桥北里小区
203,116.407,39.871,东城区第一人民医院
204,116.415,39.872,景泰站
205,116.415,39.87,新奥洋房
206,116.415,39.868,东城区人民法院
207,116.424,39.868,刘家窑南里
208,116.433,39.868,中乐六星酒店
209,116.436,39.869,芳群园
210,116.438,39.871,北京方庄购物中心
211,116.302,39.961,南长河公园
212,116.303,39.955,车道沟
213,116.304,39.949,车道沟南里
214,116.304,39.944,银泉大厦
215,116.304,39.941,宝联体育公园
216,116.307,39.944,富丽小区
217,116.307,39.95,北京化工大学西校区
218,116.311,39.956,中国青年政治学院
219,116.318,39.945,中国国家画院
220,116.318,39.95,广源大厦
221,116.317,39.955,万寿寺
222,116.315,39.966,苏州桥
223,116.32,39.966,北京理工大学
224,116.328,39.966,北京理工大学主楼
225,116.329,39.961,魏公村
226,116.329,39.956,中央民族大学
227,116.33,39.951,中国国家图书馆
228,116.333,39.966,中国农民大学
229,116.337,39.961,大慧寺
230,116.34,39.957,高梁桥斜街
231,116.347,39.966,中央财经大学
232,116.349,39.966,中央财经大学图书馆
233,116.349,39.957,北京交通大学
234,116.349,39.95,北京动物园
235,116.35,39.947,北京展览馆
236,116.355,39.966,冶建院社区
237,116.355,39.956,北京交通大学土木楼
238,116.355,39.951,北京交通大学东校区南门
239,116.357,39.948,西直门
240,116.36,39.967,北邮西门
241,116.364,39.966,北京邮电大学
242,116.365,39.956,索家坟小区
243,116.365,39.951,北京北站
244,116.365,39.95,国际商会大厦
245,116.374,39.967,北京师范大学
246,116.374,39.961,志强北园
247,116.373,39.957,志强南园
248,116.373,39.95,工商联
249,116.382,39.967,北师大附中
250,116.382,39.961,德胜国际中心
251,116.376,39.95,北京教育学院附属中学
252,116.388,39.967,北广家园
253,116.389,39.962,六铺炕
254,116.389,39.956,德胜门桥
255,116.389,39.95,什刹海
256,116.396,39.967,黄寺南里
257,116.396,39.962,华信电力大厦
258,116.401,39.967,荣宝大厦
259,116.402,39.961,教师大厦
260,116.402,39.958,洪都商务中心
261,116.402,39.956,鼓楼大街
262,116.402,39.95,3+1精品酒店
263,116.412,39.968,柳荫公园
264,116.412,39.961,青年湖公园
265,116.412,39.958,安定门中医药
266,116.412,39.956,安定门
267,116.418,39.968,安信大厦
268,116.419,39.961,地坛公园
269,116.419,39.958,地坛公园南门
270,116.419,39.956,定安门
271,116.425,39.968,安源大厦
272,116.43,39.968,煤炭大厦
273,116.435,39.965,北京市一七一中学
274,116.431,39.962,北京市四十五中学
275,116.429,39.958,强佑大厦
276,116.436,39.958,民旺园
277,116.441,39.961,柳芳
278,116.444,39.959,芳沁园
279,116.44,39.955,东直门北桥
280,116.448,39.957,左家庄桥
281,116.443,39.954,万国城
282,116.44,39.949,东直门
283,116.454,39.953,谐趣园
284,116.456,39.948,加拿大大使馆
285,116.444,39.946,天恒大厦
286,116.456,39.946,德国大使馆
287,116.456,39.943,首开幸福广场
288,116.456,39.94,工人体育场
289,116.444,39.94,东四十条
290,116.438,39.94,中汇广场
291,116.433,39.94,北京中医药大学东直门医院
292,116.455,39.932,体育场路中学
293,116.444,39.932,朝阳门
294,116.438,39.932,豆瓣小区
295,116.434,39.932,南门仓社区
296,116.43,39.932,朝内头条社区
297,116.456,39.927,朝阳区政府
298,116.444,39.926,朝外
299,116.434,39.926,北京市二中
300,116.431,39.926,本司胡同
301,116.455,39.922,白俄罗斯大使馆
302,116.447,39.922,日坛公园
303,116.444,39.922,吉利大厦
304,116.434,39.923,禄米仓胡同
305,116.452,39.919,日坛商务楼
306,116.447,39.92,首都儿科研究所
307,116.456,39.918,光华路SOHO
308,116.456,39.912,永安里
309,116.452,39.912,广播大厦
310,116.444,39.912,建国门
311,116.435,39.912,北京站
312,116.431,39.912,湖南大厦
313,116.43,39.914,北京国际饭店
314,116.456,39.907,双花园南里
315,116.452,39.907,京禧阁
316,116.444,39.907,东便门桥
317,116.455,39.903,双花园社区
318,116.452,39.903,忠实里
319,116.455,39.899,广渠门
320,116.455,39.896,飞天大厦
321,116.455,39.892,广和路
322,116.45,39.892,北京市五十中
323,116.438,39.902,北京工商联大厦
324,116.455,39.883,潘家园
325,116.45,39.883,龙潭公园
326,116.445,39.883,左安门
327,116.455,39.88,肿瘤医院
328,116.45,39.88,腾龙阁
329,116.445,39.88,北京市一七九中学
330,116.455,39.875,弘善家园
331,116.45,39.875,左安门市场
332,116.445,39.875,左安门桥
333,116.455,39.87,分钟寺桥
334,116.45,39.87,璞v
335,116.445,39.87,芳星园
336,116.455,39.867,方庄东路
337,116.453,39.865,鑫源国际
338,116.448,39.861,四方景园
339,116.449,39.866,北京四中
340,116.442,39.857,宋家庄
341,116.439,39.858,顺六条
342,116.432,39.858,方南家园
343,116.433,39.864,刘家窑
344,116.426,39.857,贾家花园
345,116.416,39.856,福海公园
346,116.415,39.864,木樨园
347,116.408,39.856,苏家坡小学
348,116.407,39.864,木樨园桥
349,116.407,39.867,百荣世贸商城
350,116.404,39.856,珠江骏景
351,116.394,39.856,洋桥大厦
352,116.394,39.864,杨桥
353,116.396,39.867,西罗园
354,116.394,39.868,洋桥北里
355,116.381,39.856,北京博爱医院
356,116.381,39.864,万芳亭公园
357,116.377,39.856,嘉园
358,116.371,39.856,玺萌鹏苑
359,116.365,39.855,南珠苑
360,116.367,39.862,嘉禾公园
361,116.359,39.854,玉泉营高尔夫场
362,116.358,39.859,环岛商贸中心
363,116.358,39.861,中顶庙
364,116.354,39.852,玉泉营
365,116.353,39.853,玉泉营桥
366,116.355,39.856,古文化广场
367,116.349,39.851,万兴国际家居广场
368,116.349,39.855,宝隆大厦
369,116.348,39.861,中科振兴大厦
370,116.34,39.848,万兴大厦
371,116.342,39.86,万柳公寓
372,116.332,39.847,丽景美发万年花城
373,116.327,39.847,万水方商业
374,116.325,39.847,首都经贸大学
375,116.32,39.848,万年花城
376,116.328,39.857,丰益桥南
377,116.333,39.862,丽泽金都
378,116.311,39.857,丰台站
379,116.314,39.857,丰桥路七号院
380,116.319,39.857,金丰园
381,116.307,39.862,丰台东大街
382,116.313,39.862,北京西国贸大酒店
383,116.306,39.866,盛兴嘉园
384,116.312,39.866,庄怡公园
385,116.319,39.867,丰益花园
386,116.331,39.867,晋南联合大厦
387,116.335,39.867,万泉公园
388,116.306,39.874,西局玉园
389,116.312,39.874,西局
390,116.319,39.875,丽泽桥
391,116.321,39.876,丽泽长途汽车站
392,116.336,39.872,金都苑
393,116.305,39.876,西局欣园
394,116.312,39.876,西局玉璞园
395,116.305,39.881,小井村
396,116.311,39.881,保利益丰社区党委
397,116.311,39.883,百合花园
398,116.315,39.883,益丰苑小区
399,116.32,39.883,首科大厦
400,116.328,39.883,红莲大厦
401,116.304,39.883,小井街
402,116.31,39.886,六里桥
403,116.315,39.888,银河大厦
404,116.32,39.889,太平桥西里
405,116.33,39.888,世纪茶贸中心
406,116.32,39.892,六里桥东
407,116.304,39.896,饭际
408,116.315,39.896,内江大厦
409,116.323,39.896,莲花池公园
410,116.336,39.896,湾子
411,116.342,39.899,西提红山
412,116.347,39.9,久居名园
413,116.346,39.902,小马厂西里
414,116.336,39.902,汇融大厦
415,116.304,39.906,金家村桥
416,116.315,39.906,羊坊店
417,116.323,39.906,北京世纪坛医院
418,116.329,39.906,光耀东方广场
419,116.338,39.906,天佑大厦
420,116.346,39.906,中国人民公安大学
421,116.304,39.911,工信部
422,116.315,39.91,公主坟
423,116.323,39.91,京西大厦
424,116.329,39.91,羊坊店
425,116.328,39.913,军事博物馆
426,116.339,39.913,木樨地
427,116.347,39.912,首都博物馆
428,116.347,39.917,财政部
429,116.347,39.922,恒华国际商务中心
430,116.338,39.922,钓鱼台宾馆
431,116.328,39.922,玉渊潭公园
432,116.32,39.922,八一湖桥
433,116.315,39.922,颐源居
434,116.304,39.923,翠微嘉园
435,116.304,39.927,空军总医院
436,116.314,39.927,中塔公园
437,116.315,39.927,外汇局
438,116.32,39.927,望海楼
439,116.328,39.927,钓鱼台七号院
440,116.338,39.927,甘家口
441,116.347,39.927,物资大院
442,116.304,39.931,西钓鱼台
443,116.314,39.931,核工业设计院
444,116.32,39.931,光耀东方中心
445,116.328,39.931,北京工商大学东校区
446,116.338,39.931,甘家口小区
447,116.347,39.931,北露园
448,116.347,39.936,车公庄西
449,116.337,39.936,海淀区艺术学院
450,116.327,39.935,中国劳动关系学院
451,116.32,39.934,海淀区实验小学
452,116.314,39.938,花园桥
453,116.32,39.937,中国咨询大厦
454,116.327,39.937,花园村社区
455,116.336,39.937,建设部大院
456,116.346,39.939,车公庄中里
457,116.27,39.968,中能大厦
458,116.268,39.965,null
459,116.271,39.965,null
460,116.277,39.965,东冉家园
461,116.283,39.965,金夕园
462,116.286,39.961,远大园
463,116.278,39.96,海淀招商大厦
464,116.27,39.96,null
465,116.27,39.955,天一高尔夫俱乐部
466,116.278,39.956,骊城
467,116.278,39.958,骊城常青园
468,116.288,39.958,世纪金源大饭店
469,116.288,39.957,曙光村
470,116.293,39.958,远大园
471,116.281,39.971,云航大厦
472,116.278,39.973,布丁酒店
473,116.29,39.973,晴雪园
474,116.291,39.967,时雨园
475,116.295,39.973,火器营
476,116.294,39.984,昆玉大厦
477,116.299,39.984,null
478,116.3,39.981,null
479,116.3,39.978,null
480,116.3,39.974,巴沟山水园
481,116.301,39.971,长春健身园
482,116.301,39.969,康桥水郡
483,116.301,39.967,万柳公寓
484,116.302,39.984,万柳高尔夫俱乐部
485,116.302,39.981,巴沟
486,116.302,39.978,万城华府
487,116.303,39.974,万柳派顿大厦
488,116.305,39.974,京江阳光写字楼
489,116.305,39.978,万泉新新家园
490,116.305,39.981,null
491,116.305,39.984,null
492,116.31,39.984,长远天地大厦
493,116.31,39.981,艾瑟顿商业广场
494,116.311,39.98,物资楼
495,116.31,39.977,海淀区妇幼保健院
496,116.311,39.975,万泉商务花园
497,116.312,39.972,小南庄
498,116.313,39.971,紫金庄园
499,116.319,39.971,友谊社区
500,116.319,39.975,中国人民大学
501,116.319,39.98,中国人民大学西北门
502,116.319,39.984,中关村大厦
503,116.327,39.985,中关村
504,116.327,39.98,和盛大厦
505,116.327,39.977,null
506,116.327,39.975,小泥湾社区
507,116.328,39.969,银海大厦
508,116.333,39.969,null
509,116.332,39.975,双榆树
510,116.33,39.975,双榆树西里
511,116.347,39.985,知春路
512,116.348,39.98,北京广播电视大学
513,116.348,39.975,大钟寺
514,116.359,39.975,蓟门里
515,116.359,39.98,西土城
516,116.359,39.986,北京航空航天大学
517,116.363,39.986,电信研究院
518,116.363,39.981,北影小区
519,116.364,39.975,荣宁府
520,116.372,39.986,北京大学第三医院
521,116.374,39.981,中国新时代大厦
522,116.375,39.975,远望楼
523,116.375,39.971,北师大北门
524,116.381,39.987,花园里社区
525,116.381,39.981,月季园
526,116.382,39.975,泰斯特大厦
527,116.382,39.971,双秀公园
528,116.388,39.972,null
529,116.388,39.976,玫瑰园
530,116.387,39.981,马甸公园
531,116.388,39.981,元辰鑫大厦
532,116.387,39.987,健翔大厦
533,116.395,39.987,中华民族园
534,116.401,39.987,null
535,116.401,39.982,北土城
536,116.401,39.976,安华桥北
537,116.401,39.974,安华桥南
538,116.411,39.974,安贞
539,116.411,39.976,涌溪公园
540,116.411,39.982,元大都遗址
541,116.404,39.982,null
542,116.411,39.987,中国体育博物馆
543,116.407,39.987,奥体中心足球场
544,116.418,39.988,小关
545,116.418,39.982,国典华园
546,116.418,39.976,胜古南里
547,116.418,39.974,null
548,116.431,39.988,对外经贸大学
549,116.436,39.988,null
550,116.433,39.982,中日友好医院
551,116.429,39.975,和平东桥
552,116.449,39.979,太阳宫
553,116.445,39.976,null
554,116.438,39.967,廉政文化广场
555,116.454,39.963,null
556,116.457,39.974,际村
557,116.463,39.97,凤凰新天地
558,116.468,39.967,三元桥
559,116.46,39.959,三源里
560,116.462,39.95,乾坤大厦
561,116.465,39.951,利比亚大使馆
562,116.481,39.957,二十一世纪大厦
563,116.447,39.967,国展
564,116.484,39.953,朝阳公园
565,116.484,39.944,null
566,116.484,39.939,丽水嘉园
567,116.463,39.947,匈牙利大使馆
568,116.463,39.943,三里屯
569,116.468,39.944,博兹瓦纳大使馆
570,116.467,39.932,康莱德酒店
571,116.472,39.932,团结湖公园
572,116.484,39.932,甜水西园
573,116.472,39.93,null
574,116.467,39.929,呼家楼
575,116.461,39.932,null
576,116.461,39.928,东大桥
577,116.461,39.926,朝外SOHO
578,116.467,39.926,京广桥
579,116.461,39.922,天阶大厦
580,116.467,39.922,财富中心
581,116.472,39.922,null
582,116.484,39.922,红庙
583,116.484,39.914,大望路
584,116.472,39.914,国贸
585,116.472,39.912,郎家园
586,116.463,39.912,北京银泰中心
587,116.463,39.907,null
588,116.472,39.907,庆丰公园
589,116.484,39.907,居安办公中心
590,116.472,39.904,null
591,116.46,39.907,null
592,116.484,39.899,九龙山
593,116.472,39.899,双井
594,116.472,39.896,百环家园
595,116.467,39.896,null
596,116.467,39.892,null
597,116.471,39.892,劲松
598,116.484,39.892,阳光财富大厦
599,116.484,39.882,北工大西门
600,116.471,39.883,农光南里
601,116.462,39.883,null
602,116.462,39.88,潘家园
603,116.462,39.878,广西大厦
604,116.466,39.878,null
605,116.471,39.879,松榆里
606,116.483,39.875,北京工业大学
607,116.471,39.875,null
608,116.466,39.875,京瑞大厦
609,116.462,39.875,弘善家园
610,116.462,39.87,十里河
611,116.466,39.87,null
612,116.471,39.87,null
613,116.476,39.87,null
614,116.483,39.87,周庄嘉园
615,116.482,39.866,null
616,116.476,39.866,旌凯大厦
617,116.471,39.866,百汇广场
618,116.466,39.867,null
619,116.462,39.867,分钟寺桥
620,116.454,39.864,鑫源国际
621,116.465,39.858,京闽公寓
622,116.467,39.858,null
623,116.471,39.858,清风园公寓
624,116.475,39.858,四道口桥
625,116.476,39.862,长会公寓
626,116.481,39.86,二堡子
627,116.479,39.847,十八里店桥
628,116.472,39.841,牌坊北里
629,116.46,39.852,null
630,116.458,39.857,爱民小区
631,116.455,39.856,null
632,116.446,39.857,null
633,116.453,39.832,旺兴湖公园
634,116.441,39.831,虎殿村
635,116.466,39.837,小红门
636,116.44,39.844,顶秀金石家园
637,116.433,39.845,null
638,116.427,39.848,石榴园小区
639,116.422,39.848,null
640,116.423,39.857,null
641,116.422,39.838,大红门东桥
642,116.434,39.831,null
643,116.417,39.841,null
644,116.416,39.845,null
645,116.415,39.848,上环星城
646,116.409,39.841,大红门桥
647,116.409,39.844,null
648,116.408,39.853,福海公园
649,116.402,39.841,null
650,116.395,39.831,源泰隆物流生活区
651,116.395,39.835,桃苑公园
652,116.394,39.844,西马金润家园
653,116.381,39.83,null
654,116.381,39.839,null
655,116.38,39.844,公益西桥
656,116.381,39.848,瑞丽江畔
657,116.373,39.83,二合庄
658,116.373,39.839,null
659,116.374,39.845,右安门
660,116.374,39.849,null
661,116.37,39.844,null
662,116.37,39.849,嘉园三里
663,116.371,39.854,嘉园二里
664,116.365,39.853,草桥
665,116.365,39.849,草桥欣园
666,116.365,39.845,汽车公园
667,116.365,39.842,世界花卉大观园
668,116.365,39.839,null
669,116.364,39.83,槐新公园
670,116.359,39.83,null
671,116.359,39.839,凡尔赛广场
672,116.359,39.845,null
673,116.359,39.849,null
674,116.353,39.849,玫瑰花园
675,116.353,39.844,京开花园
676,116.353,39.839,马家楼桥
677,116.353,39.83,null
678,116.34,39.83,风格与林苑
679,116.34,39.845,null
680,116.327,39.843,null
681,116.32,39.846,首都经贸大学西区
682,116.321,39.842,null
683,116.321,39.839,天坛医院
684,116.317,39.829,益辰欣园
685,116.314,39.84,null
686,116.314,39.843,鸿业兴园
687,116.315,39.847,null
688,116.307,39.846,null
689,116.307,39.843,null
690,116.307,39.835,汽车博物馆
691,116.307,39.829,null
692,116.299,39.839,科丰桥
693,116.301,39.844,恒富大厦
694,116.292,39.841,昌宁大厦
695,116.287,39.84,写字公园
696,116.284,39.83,null
697,116.281,39.835,null
698,116.28,39.839,null
699,116.278,39.846,看丹中学
700,116.288,39.856,丰台二中
701,116.304,39.857,null
702,116.277,39.86,null
703,116.288,39.86,北大地
704,116.277,39.864,null
705,116.281,39.865,null
706,116.288,39.865,丰台区政府
707,116.302,39.865,嘉城广场
708,116.274,39.87,null
709,116.273,39.872,丰体时代大厦
710,116.278,39.874,大井北里
711,116.289,39.877,国润商务大厦
712,116.297,39.88,null
713,116.293,39.879,null
714,116.289,39.879,胡桃园
715,116.272,39.874,大井西桥
716,116.279,39.878,null
717,116.281,39.879,岳各庄桥
718,116.27,39.879,null
719,116.289,39.885,null
720,116.293,39.885,安阳大厦
721,116.297,39.885,null
722,116.297,39.888,万丰公园
723,116.293,39.888,null
724,116.289,39.888,阅园
725,116.278,39.888,null
726,116.268,39.888,null
727,116.268,39.892,长安新城
728,116.268,39.896,null
729,116.277,39.896,金隅大成时代
730,116.289,39.896,千禧奥特莱斯
731,116.296,39.896,null
732,116.289,39.899,京铁家园
733,116.277,39.899,青塔
734,116.268,39.899,青塔公园
735,116.268,39.906,null
736,116.277,39.906,亚泰饭店
737,116.289,39.906,今日家园
738,116.296,39.906,瑞兴公寓
739,116.296,39.912,null
740,116.289,39.912,中国人民解放军总医院
741,116.277,39.912,五棵松
742,116.277,39.916,null
743,116.269,39.916,null
744,116.269,39.919,null
745,116.277,39.918,null
746,116.29,39.917,五棵松体育馆
747,116.269,39.923,null
748,116.279,39.923,null
749,116.282,39.923,宏府大厦
750,116.29,39.923,中铁六局
751,116.295,39.923,null
752,116.295,39.927,null
753,116.295,39.931,慧馨园
754,116.291,39.931,玲珑园
755,116.283,39.931,定慧桥
756,116.279,39.931,null
757,116.269,39.931,null
758,116.269,39.927,null
759,116.268,39.94,双槐树小区
760,116.282,39.941,null
761,116.289,39.941,裕友大厦
762,116.268,39.945,null
763,116.282,39.946,金泰海博大酒店
764,116.289,39.946,西荣园
765,116.301,39.942,慈寿寺
766,116.282,39.948,null
767,116.279,39.949,null
768,116.27,39.953,四季青
769,116.283,40.001,null
770,116.276,40,null
771,116.276,39.996,null
772,116.276,39.994,null
773,116.283,39.997,null
774,116.287,39.997,null
775,116.289,39.995,null
776,116.286,39.995,null
777,116.286,39.993,null
778,116.29,39.992,null
779,116.298,39.996,null
780,116.298,39.992,null
781,116.299,39.989,null
782,116.293,39.989,null
783,116.287,39.989,null
784,116.275,39.989,null
785,116.309,39.999,null
786,116.31,39.991,null
787,116.327,39.991,null
788,116.331,39.997,null
789,116.332,39.999,null
790,116.347,39.992,null
791,116.359,40,null
792,116.346,40,null
793,116.37,40,null
794,116.375,40.008,null
795,116.375,40.005,null
796,116.374,40,null
797,116.359,39.992,null
798,116.363,39.992,null
799,"116,363",39.992,null
800,116.364,40,null
801,116.368,39.995,null
802,116.37,39.993,null
803,116.381,39.993,null
804,116.381,39.996,null
805,116.381,40.001,null
806,116.38,40.005,null
807,116.38,40.009,null
808,116.385,40.008,null
809,116.385,40.005,null
810,116.385,40.001,null
811,116.387,40.001,null
812,116.387,40.006,null
813,116.386,40.008,null
814,116.394,40.001,null
815,116.395,39.993,null
816,116.401,39.993,null
817,116.402,40.001,null
818,116.411,40.002,null
819,116.411,39.997,null
820,116.41,39.994,null
821,116.418,39.992,null
822,116.431,39.992,null
823,116.431,39.997,null
824,116.418,39.997,null
825,116.461,40.004,null
826,116.457,40.004,null
827,116.452,40,null
828,116.451,39.996,null
829,116.457,39.996,null
830,116.457,40,null
831,116.462,39.996,null
832,116.462,40,null
833,116.482,4.004,null
834,116.472,40.003,null
835,116.467,40.004,null
836,116.467,40.001,null
837,116.473,40.001,null
838,116.465,39.998,null
839,116.469,39.996,null
840,116.473,39.997,null
841,116.471,39.994,null
842,116.476,39.991,null
843,116.474,39.988,null
844,116.471,39.987,null
845,116.469,39.992,null
846,116.466,39.993,null
847,116.464,39.991,null
848,116.466,39.99,null
849,116.494,39.999,null
850,116.482,39.988,null
851,116.477,39.983,null
852,116.472,39.979,null
853,116.466,39.982,null
854,116.463,39.985,null
855,116.46,39.987,null
856,116.462,39.978,null
857,116.467,39.975,null
858,116.504,39.987,null
859,116.498,39.987,null
860,116.491,39.987,null
861,116.489,39.992,null
862,116.484,39.979,null
863,116.493,39.979,null
864,116.493,39.975,null
865,116.484,39.975,null
866,116.478,39.975,null
867,116.484,39.971,null
868,116.493,39.971,null
869,116.497,39.97,null
870,116.512,39.977,null
871,116.498,39.979,null
872,116.503,39.954,null
873,116.494,39.953,null
874,116.489,39.962,null
875,116.49,39.953,null
876,116.489,39.944,null
877,116.491,39.944,null
878,116.502,39.946,null
879,116.502,39.941,null
880,116.495,39.939,null
881,116.49,39.939,null
882,116.506,39.946,null
883,116.506,39.945,null
884,116.506,39.944,null
885,116.511,39.939,null
886,116.496,39.935,null
887,116.511,39.937,null
888,116.496,39.922,null
889,116.496,39.915,null
890,116.524,39908,null
891,116.496,39.892,null
892,116.497,39.899,null
893,116.507,39.869,null
894,116.504,39.869,null
895,116.505,39.871,null
896,116.5,39.873,null
897,116.496,39.875,null
898,116.499,39.872,null
899,116.495,39.873,null
900,116.49,39.874,null
901,116.49,39.87,null
902,116.494,39.87,null
903,116.508,39.866,null
904,116.504,39.866,null
905,116.499,39.862,null
906,116.494,39.863,null
907,116.475,39.824,null
908,116.448,39.823,null
909,116.45,39.828,null
910,116.452,39.828,null
911,116.427,39.821,null
912,116.423,39.822,null
913,116.427,39.819,null
914,116.423,39.819,null
915,116.423,39.814,null
916,116.397,39.804,null
917,116.395,39.822,null
918,116.395,39.824,null
919,116.39,39.823,null
920,116.388,39.805,null
921,116.372,39.822,null
922,116.371,39.803,null
923,116.336,39.777,null
924,116.342,39.786,null
925,116.339,39.807,null
926,116.339,39.821,null
927,116.349,39.818,null
928,116.36,39.821,null
929,116.359,39.813,null
930,116.362,39.793,null
931,116.324,39.778,null
932,116.311,39.78,null
933,116.303,39.818,null
934,116.307,39.818,null
935,116.318,39.817,null
936,116.33,39.82,null
937,116.33,39.822,null
938,116.247,39.879,null
939,116.258,39.88,null
940,116.259,39.888,null
941,116.247,39.888,null
942,116.247,39.896,null
943,116.259,39.896,null
944,116.247,39.899,null
945,116.259,39.899,null
946,116.259,39.903,null
947,116.247,39.906,null
948,116.259,39.906,null
949,116.259,39.916,null
950,116.247,39.916,null
951,116.259,39.923,null
952,116.267,39.927,null
953,116.259,39.928,null
